id,first_name,last_name,email,gender,ip_address
1,Alessandro,Kleanthous,akleanthous0@noaa.gov,Male,44.104.5.229
2,Aaron,Willcot,awillcot1@wikia.com,Male,215.55.35.193
3,Julina,Cassam,jcassam2@bloglovin.com,Female,63.207.98.133
4,Noellyn,Baumadier,nbaumadier3@de.vu,Female,76.108.190.250
5,Danielle,Edgeler,dedgeler4@hibu.com,Female,154.170.219.47
6,Melonie,Silkston,msilkston5@state.gov,Female,173.32.116.0
7,Retha,Healey,rhealey6@dyndns.org,Female,35.232.136.248
8,Irene,Ruler,iruler7@xrea.com,Female,234.112.207.228
9,Drugi,Jenicke,djenicke8@vimeo.com,Male,114.5.171.35
10,Ingelbert,Klehn,iklehn9@who.int,Male,190.183.253.50
11,Milty,Tzuker,mtzukera@indiegogo.com,Male,83.63.156.65
12,Niles,Rate,nrateb@networksolutions.com,Male,254.11.231.123
13,Guinna,Lotze,glotzec@ihg.com,Female,241.205.193.174
14,Deb,Burnham,dburnhamd@xrea.com,Female,163.133.240.58
15,Mame,Swatradge,mswatradgee@ask.com,Female,93.218.39.44
16,Brigitte,Orneles,bornelesf@freewebs.com,Female,143.91.75.220
17,Ethelind,Crowcher,ecrowcherg@google.com,Agender,1.92.44.23
18,Fitz,Bomb,fbombh@blog.com,Male,41.19.7.218
19,Kippie,Dolley,kdolleyi@spiegel.de,Female,222.233.184.160
20,Illa,Eake,ieakej@123-reg.co.uk,Female,235.165.36.131
21,Gates,Fearnehough,gfearnehoughk@xrea.com,Female,222.216.72.217
22,Allsun,Relf,arelfl@instagram.com,Female,8.0.254.184
23,Bryant,Kastel,bkastelm@t.co,Male,178.104.232.32
24,Dyanna,Sobey,dsobeyn@berkeley.edu,Female,193.142.184.111
25,Sisile,Di Meo,sdimeoo@state.gov,Genderqueer,185.156.4.16
26,Trixie,Layman,tlaymanp@engadget.com,Female,141.70.14.193
27,Gabi,Burcombe,gburcombeq@behance.net,Female,249.13.209.147
28,Berke,Cadamy,bcadamyr@amazonaws.com,Male,102.9.108.144
29,Papagena,Dran,pdrans@fc2.com,Female,234.6.193.226
30,Lawry,Burvill,lburvillt@tripod.com,Male,206.72.105.48
31,Westley,Simner,wsimneru@biglobe.ne.jp,Male,163.124.149.128
32,Mendel,Tadman,mtadmanv@is.gd,Male,37.163.214.42
33,Mara,Beecham,mbeechamw@dion.ne.jp,Female,196.217.175.169
34,Dunn,Twinning,dtwinningx@marriott.com,Male,94.111.169.52
35,Northrup,Marzelli,nmarzelliy@technorati.com,Male,81.243.189.107
36,Modestia,Ghirigori,mghirigoriz@foxnews.com,Agender,80.175.169.218
37,Garold,Scullion,gscullion10@privacy.gov.au,Male,71.188.247.240
38,Maryann,Heaney`,mheaney11@godaddy.com,Female,239.245.102.108
39,Martynne,Tipple,mtipple12@a8.net,Female,84.121.217.157
40,Pierson,Haly,phaly13@51.la,Male,37.220.42.160
41,Thedric,Boatwright,tboatwright14@chronoengine.com,Male,186.24.86.207
42,Maddy,Quadri,mquadri15@buzzfeed.com,Female,86.241.51.6
43,Mickie,Jentgens,mjentgens16@netscape.com,Male,131.205.1.219
44,Ellary,Bransom,ebransom17@naver.com,Male,33.16.204.62
45,Patrick,Jendrusch,pjendrusch18@nasa.gov,Polygender,144.89.252.24
46,Benjamen,Gregore,bgregore19@statcounter.com,Male,142.86.11.87
47,Jacintha,Jura,jjura1a@sourceforge.net,Female,138.240.211.23
48,Fanny,Messenbird,fmessenbird1b@chicagotribune.com,Female,109.205.41.140
49,Payton,Yantsurev,pyantsurev1c@epa.gov,Male,67.255.36.38
50,Martie,Meckiff,mmeckiff1d@home.pl,Male,92.82.155.168
51,Jeffry,Doxey,jdoxey1e@ow.ly,Male,88.89.29.235
52,Lionello,Korf,lkorf1f@comcast.net,Male,3.59.37.67
53,Myrtia,Knapper,mknapper1g@who.int,Female,188.200.156.125
54,Debi,Kirman,dkirman1h@un.org,Genderqueer,245.23.204.221
55,Carita,Piddlehinton,cpiddlehinton1i@ebay.co.uk,Female,33.180.97.16
56,Crista,Muggleton,cmuggleton1j@phpbb.com,Female,47.176.236.228
57,Lyndell,Hillhouse,lhillhouse1k@blog.com,Female,52.227.50.10
58,Lefty,Reinisch,lreinisch1l@nydailynews.com,Male,153.208.4.199
59,Eziechiele,Ruoff,eruoff1m@naver.com,Male,158.167.181.85
60,Anya,Gipp,agipp1n@plala.or.jp,Female,4.98.234.255
61,Stefania,Krzysztof,skrzysztof1o@biblegateway.com,Female,237.155.95.243
62,Arliene,Stroyan,astroyan1p@virginia.edu,Female,110.102.7.194
63,Kalvin,Brandsma,kbrandsma1q@washingtonpost.com,Male,25.220.99.83
64,Dex,Huttley,dhuttley1r@shutterfly.com,Genderfluid,46.106.196.29
65,Bartholomew,Dunkley,bdunkley1s@smugmug.com,Polygender,7.135.33.227
66,Quentin,Constantinou,qconstantinou1t@arizona.edu,Female,194.97.213.134
67,Debora,Morl,dmorl1u@bbb.org,Non-binary,218.123.196.50
68,Jilly,Drews,jdrews1v@networkadvertising.org,Female,158.130.74.160
69,Trace,Arnke,tarnke1w@de.vu,Male,194.203.236.237
70,Perry,Rapin,prapin1x@nyu.edu,Male,251.11.70.212
71,Simone,Alkins,salkins1y@sfgate.com,Female,220.24.224.62
72,Clevie,Andrieu,candrieu1z@dell.com,Bigender,200.172.30.17
73,Ajay,Entwhistle,aentwhistle20@unc.edu,Female,224.180.67.78
74,Christi,Medlicott,cmedlicott21@tmall.com,Agender,106.148.34.33
75,Alford,Gettens,agettens22@hibu.com,Male,9.53.194.100
76,Juliet,Kirkup,jkirkup23@businesswire.com,Female,239.125.4.178
77,Wallis,Delafont,wdelafont24@shareasale.com,Male,59.108.156.253
78,Gibb,Chaperling,gchaperling25@cnet.com,Male,167.238.201.211
79,Nicolais,Brabyn,nbrabyn26@deviantart.com,Male,185.106.244.180
80,Cassi,Ginnaly,cginnaly27@salon.com,Female,47.18.60.130
81,Lelah,Dimmock,ldimmock28@twitpic.com,Female,126.86.175.23
82,Marshall,Roxburch,mroxburch29@chronoengine.com,Male,225.185.213.77
83,Zulema,Setchfield,zsetchfield2a@addtoany.com,Female,164.128.110.134
84,Marsha,Sawer,msawer2b@eventbrite.com,Female,41.141.213.144
85,Burty,Menilove,bmenilove2c@bloglovin.com,Male,126.162.236.241
86,Noach,Kyneton,nkyneton2d@google.es,Male,97.105.205.4
87,Judie,Emblen,jemblen2e@ed.gov,Female,187.170.47.85
88,Christian,Pizzey,cpizzey2f@nsw.gov.au,Male,121.184.136.220
89,Janine,Pinnion,jpinnion2g@independent.co.uk,Female,0.183.222.0
90,Lucias,Damiral,ldamiral2h@t-online.de,Male,86.155.94.220
91,Thomasin,Iacovides,tiacovides2i@is.gd,Female,51.246.243.243
92,Virgie,Danne,vdanne2j@businessweek.com,Male,133.47.234.105
93,Drona,Vautrey,dvautrey2k@comsenz.com,Bigender,30.194.60.147
94,Kacy,Thatcher,kthatcher2l@cargocollective.com,Female,152.167.225.133
95,Barbaraanne,Forsyth,bforsyth2m@bluehost.com,Female,208.175.157.180
96,Edita,McGlaughn,emcglaughn2n@biblegateway.com,Female,176.179.95.204
97,Justino,Richter,jrichter2o@parallels.com,Male,68.138.129.255
98,Ulrike,Arnould,uarnould2p@tmall.com,Female,133.49.139.220
99,Shandeigh,McKevany,smckevany2q@guardian.co.uk,Female,243.33.6.212
100,Cam,Burdikin,cburdikin2r@si.edu,Female,246.10.33.87
101,Leyla,Pinn,lpinn2s@tiny.cc,Female,145.111.71.230
102,Arabela,Kerton,akerton2t@discovery.com,Female,59.251.106.253
103,Somerset,Laurenzi,slaurenzi2u@meetup.com,Non-binary,10.136.180.9
104,Gweneth,Naisbit,gnaisbit2v@illinois.edu,Female,65.248.145.182
105,Carmine,Antal,cantal2w@purevolume.com,Male,56.140.134.101
106,Beau,Coverdill,bcoverdill2x@123-reg.co.uk,Male,1.225.28.61
107,Lindsay,Brushneen,lbrushneen2y@bizjournals.com,Female,138.237.76.47
108,Anastasie,Napthine,anapthine2z@imageshack.us,Female,31.178.163.56
109,Price,Sivewright,psivewright30@telegraph.co.uk,Male,162.106.63.167
110,Cal,Shucksmith,cshucksmith31@pinterest.com,Genderqueer,211.196.33.85
111,Bee,Fallowfield,bfallowfield32@example.com,Female,51.169.59.89
112,Phillipp,Sanney,psanney33@deviantart.com,Male,159.241.7.147
113,Paxton,Wickey,pwickey34@i2i.jp,Agender,145.145.251.90
114,Jorgan,Durran,jdurran35@stumbleupon.com,Male,132.73.140.190
115,Janeva,Williment,jwilliment36@biblegateway.com,Female,52.183.47.164
116,Samantha,Espinola,sespinola37@mozilla.org,Female,106.17.132.41
117,Kaine,Clint,kclint38@feedburner.com,Male,157.134.210.73
118,Ingamar,Lemarie,ilemarie39@blogs.com,Male,80.220.159.203
119,Elsbeth,Shillington,eshillington3a@blogs.com,Polygender,232.89.193.220
120,Seka,Downton,sdownton3b@godaddy.com,Female,239.226.235.176
121,Gill,Hellmer,ghellmer3c@baidu.com,Female,54.165.139.65
122,Lorrie,Riddall,lriddall3d@dyndns.org,Male,242.61.15.107
123,Taber,Hankins,thankins3e@cnn.com,Male,149.244.146.221
124,Homere,Breston,hbreston3f@symantec.com,Male,249.6.147.91
125,Kendall,Tarney,ktarney3g@noaa.gov,Male,167.19.246.119
126,Cordy,McEvilly,cmcevilly3h@google.it,Female,163.101.189.203
127,Claresta,Diben,cdiben3i@salon.com,Female,71.140.143.0
128,Lexis,Barnicott,lbarnicott3j@infoseek.co.jp,Female,195.120.131.216
129,Ryun,Bordes,rbordes3k@economist.com,Male,12.107.43.59
130,Jaymee,Sarsfield,jsarsfield3l@parallels.com,Agender,128.90.232.46
131,Idette,Fandrey,ifandrey3m@ft.com,Female,148.234.92.38
132,Howey,Agnolo,hagnolo3n@techcrunch.com,Non-binary,29.4.115.21
133,Charity,Furmonger,cfurmonger3o@amazonaws.com,Female,34.58.167.236
134,Larine,Bramont,lbramont3p@icq.com,Female,2.180.232.250
135,Brander,Dollard,bdollard3q@illinois.edu,Male,52.250.112.85
136,Rafaello,Facher,rfacher3r@cbslocal.com,Male,152.130.237.13
137,Nappie,Yellowlee,nyellowlee3s@deviantart.com,Male,217.58.211.162
138,Thibaut,Doughty,tdoughty3t@furl.net,Male,180.141.69.107
139,Ado,Lattimer,alattimer3u@sphinn.com,Male,118.238.160.104
140,Maudie,Arlow,marlow3v@youku.com,Female,27.24.42.214
141,Franchot,Sailor,fsailor3w@woothemes.com,Male,62.82.221.8
142,Maressa,Collop,mcollop3x@miibeian.gov.cn,Female,102.207.175.156
143,Cash,Danniel,cdanniel3y@mac.com,Male,18.121.206.157
144,Babita,Rottcher,brottcher3z@networkadvertising.org,Female,245.124.242.45
145,Margit,Le Pruvost,mlepruvost40@creativecommons.org,Genderqueer,122.45.249.96
146,Jerrilyn,Gantlett,jgantlett41@noaa.gov,Female,126.49.5.42
147,Margot,Bezley,mbezley42@blinklist.com,Female,79.42.250.13
148,Howey,Frome,hfrome43@zimbio.com,Male,23.78.74.129
149,Xylina,Milksop,xmilksop44@apple.com,Female,181.12.31.199
150,Stephanus,MacGaughy,smacgaughy45@gmpg.org,Male,148.141.49.252
151,Wally,Kernley,wkernley46@list-manage.com,Male,242.106.50.38
152,Viviyan,Breen,vbreen47@ihg.com,Female,124.150.76.91
153,Cody,Farnish,cfarnish48@bbb.org,Male,233.239.189.199
154,Krystalle,Thorneloe,kthorneloe49@cam.ac.uk,Female,117.0.226.233
155,Obediah,Comford,ocomford4a@phpbb.com,Male,204.196.201.36
156,Paquito,Battram,pbattram4b@facebook.com,Male,129.157.224.153
157,Desiri,Kennsley,dkennsley4c@businessinsider.com,Female,129.169.76.250
158,Britt,Turvey,bturvey4d@goodreads.com,Female,38.131.100.223
159,Harriot,Balme,hbalme4e@ed.gov,Non-binary,199.105.168.158
160,Nolan,Issakov,nissakov4f@who.int,Male,36.161.13.193
161,Fidelity,Spare,fspare4g@purevolume.com,Female,96.122.138.155
162,Kristel,Topham,ktopham4h@utexas.edu,Female,194.204.93.154
163,Lanny,Silversmid,lsilversmid4i@nasa.gov,Female,102.28.224.198
164,Pepita,Aiken,paiken4j@fastcompany.com,Female,146.68.124.126
165,Shelli,Deane,sdeane4k@mapy.cz,Female,183.228.40.249
166,Livy,Broom,lbroom4l@epa.gov,Polygender,4.211.38.102
167,Mandi,Tschirschky,mtschirschky4m@nymag.com,Female,144.110.209.99
168,Linc,Connar,lconnar4n@marriott.com,Male,111.211.186.49
169,Kathi,Atte-Stone,kattestone4o@bigcartel.com,Female,225.48.178.20
170,Laird,Geffe,lgeffe4p@noaa.gov,Male,146.82.49.4
171,Blanche,Coale,bcoale4q@dyndns.org,Female,71.202.252.119
172,Tiphany,O'Dulchonta,todulchonta4r@dmoz.org,Female,20.123.175.182
173,Electra,Pech,epech4s@e-recht24.de,Female,115.12.210.210
174,Bailie,Waddilove,bwaddilove4t@reddit.com,Male,214.162.145.107
175,Basilius,Hattam,bhattam4u@geocities.jp,Male,70.159.50.63
176,Moritz,Janaway,mjanaway4v@oakley.com,Male,113.7.218.0
177,Roxanna,Elener,relener4w@oracle.com,Female,160.29.192.142
178,Vail,Presland,vpresland4x@dropbox.com,Male,248.186.159.125
179,Byrle,McNellis,bmcnellis4y@mozilla.org,Male,14.192.24.240
180,Haslett,Lyttle,hlyttle4z@123-reg.co.uk,Male,179.53.202.55
181,Magdalene,Menear,mmenear50@smugmug.com,Female,224.85.166.41
182,Bess,Geeve,bgeeve51@lycos.com,Female,75.210.164.14
183,Birgitta,Larter,blarter52@so-net.ne.jp,Genderqueer,211.146.47.55
184,Karole,Knowler,kknowler53@opensource.org,Female,156.247.120.252
185,Timmie,Novotne,tnovotne54@tamu.edu,Male,149.64.108.139
186,Wilmette,Androlli,wandrolli55@slate.com,Female,193.96.5.210
187,Steve,Messitt,smessitt56@china.com.cn,Male,238.123.236.62
188,Montague,Lansley,mlansley57@blogspot.com,Male,152.241.195.210
189,Meir,Gillinghams,mgillinghams58@omniture.com,Male,88.147.187.51
190,Shaine,Beert,sbeert59@delicious.com,Genderfluid,205.222.189.187
191,Corrie,Battersby,cbattersby5a@storify.com,Female,36.1.162.152
192,Colver,Digges,cdigges5b@instagram.com,Male,189.85.184.117
193,Hannie,Baron,hbaron5c@state.gov,Female,113.81.125.227
194,Luigi,Franey,lfraney5d@soup.io,Male,230.75.163.220
195,Arte,Proffitt,aproffitt5e@columbia.edu,Male,27.114.126.32
196,Ofelia,Ladds,oladds5f@xrea.com,Female,243.93.234.161
197,Frankie,Daintith,fdaintith5g@alibaba.com,Male,133.137.63.23
198,Mendy,Lafflina,mlafflina5h@china.com.cn,Male,60.43.38.175
199,Reamonn,McEllen,rmcellen5i@free.fr,Male,230.192.59.66
200,Clemente,Siggery,csiggery5j@tiny.cc,Male,49.152.236.161
201,Midge,Ingleton,mingleton5k@psu.edu,Genderqueer,250.91.121.244
202,Jordain,Ohlsen,johlsen5l@cdc.gov,Female,240.52.82.218
203,Aurilia,Durie,adurie5m@freewebs.com,Female,111.195.121.242
204,Joline,Vispo,jvispo5n@usgs.gov,Female,233.86.24.122
205,Brinn,Iianon,biianon5o@cisco.com,Female,131.140.6.238
206,Luciano,Brunelli,lbrunelli5p@time.com,Male,191.163.236.184
207,Donavon,Wyldish,dwyldish5q@bloglines.com,Male,115.101.243.117
208,Letitia,Mead,lmead5r@google.es,Female,24.109.255.205
209,Concordia,Fairham,cfairham5s@trellian.com,Female,79.11.210.163
210,Stanton,Brandts,sbrandts5t@typepad.com,Male,26.155.175.32
211,Marshal,Adiscot,madiscot5u@msn.com,Male,182.242.205.201
212,Fania,Lewins,flewins5v@desdev.cn,Female,76.213.246.131
213,Clare,Delong,cdelong5w@microsoft.com,Male,80.181.133.91
214,Madalena,Quinney,mquinney5x@i2i.jp,Agender,225.199.193.85
215,Calv,Heavy,cheavy5y@diigo.com,Male,59.58.81.197
216,Vaughn,Foyster,vfoyster5z@berkeley.edu,Male,161.194.138.37
217,Ludwig,Radsdale,lradsdale60@webnode.com,Genderfluid,28.125.92.236
218,Abbi,Dunphie,adunphie61@yahoo.co.jp,Female,206.145.237.215
219,Shelli,Eldred,seldred62@naver.com,Female,124.5.203.167
220,Pippy,Valerius,pvalerius63@hud.gov,Agender,127.178.191.16
221,Hobie,Bamforth,hbamforth64@themeforest.net,Male,86.7.37.95
222,Ailene,Zanioletti,azanioletti65@amazon.de,Female,236.53.241.106
223,Vernen,Kinkaid,vkinkaid66@fastcompany.com,Male,149.168.35.64
224,Dotty,Wontner,dwontner67@geocities.jp,Female,46.60.22.83
225,Tome,Tinton,ttinton68@chron.com,Genderqueer,84.188.215.254
226,Loreen,Daen,ldaen69@bloglines.com,Female,104.86.96.2
227,Dyanna,Mitford,dmitford6a@amazon.de,Female,16.67.114.12
228,Boycie,Yoselevitch,byoselevitch6b@histats.com,Agender,21.162.229.171
229,Ambrosi,Skelhorn,askelhorn6c@psu.edu,Male,143.115.219.117
230,Lishe,Bonham,lbonham6d@360.cn,Female,161.218.226.69
231,Gawen,Aked,gaked6e@uiuc.edu,Non-binary,95.251.83.234
232,Arin,Marxsen,amarxsen6f@livejournal.com,Male,136.223.242.163
233,Aluino,Dorn,adorn6g@infoseek.co.jp,Male,126.235.184.122
234,Cybil,Readie,creadie6h@macromedia.com,Female,132.64.89.37
235,Chrisse,Birtle,cbirtle6i@discuz.net,Male,97.70.63.126
236,Jannelle,Du Fray,jdufray6j@seattletimes.com,Female,55.9.186.166
237,Tiffani,Gladdor,tgladdor6k@goodreads.com,Female,99.26.199.196
238,Magdaia,Rebanks,mrebanks6l@stumbleupon.com,Non-binary,216.232.112.96
239,Dante,Jeffcoat,djeffcoat6m@bluehost.com,Male,188.35.77.89
240,Pierson,Norres,pnorres6n@prnewswire.com,Male,203.214.177.104
241,Wald,Rubra,wrubra6o@chron.com,Male,149.48.157.220
242,Madella,Shipley,mshipley6p@huffingtonpost.com,Female,115.237.87.205
243,Had,Arndtsen,harndtsen6q@techcrunch.com,Male,126.1.65.99
244,Cornie,Tennick,ctennick6r@china.com.cn,Male,122.81.97.160
245,Germaine,McIlraith,gmcilraith6s@ameblo.jp,Male,242.144.226.215
246,Ernesta,Crosswaite,ecrosswaite6t@yellowbook.com,Genderqueer,36.143.17.135
247,Mellisent,Cullabine,mcullabine6u@blogtalkradio.com,Genderfluid,92.196.40.13
248,Mycah,Knappitt,mknappitt6v@cafepress.com,Male,3.80.195.236
249,Zandra,Tedder,ztedder6w@biblegateway.com,Female,158.200.204.118
250,Moyra,Ghidoni,mghidoni6x@networksolutions.com,Female,115.84.208.153
251,Tad,Loiterton,tloiterton6y@clickbank.net,Male,98.101.148.211
252,Huntlee,Mogie,hmogie6z@youku.com,Male,186.34.215.111
253,Bab,Buntine,bbuntine70@histats.com,Female,19.138.52.116
254,Torr,Latey,tlatey71@123-reg.co.uk,Polygender,15.174.104.63
255,Hildegaard,Rantoull,hrantoull72@vkontakte.ru,Female,115.61.150.211
256,Chaddie,Walster,cwalster73@paginegialle.it,Male,207.123.242.77
257,Arleen,Leebetter,aleebetter74@wunderground.com,Agender,83.50.26.201
258,Karmen,Kernell,kkernell75@uiuc.edu,Female,135.18.190.138
259,Torry,Pirozzi,tpirozzi76@who.int,Male,1.151.40.224
260,Way,Perch,wperch77@state.gov,Male,144.75.79.244
261,Kaspar,Fessler,kfessler78@toplist.cz,Male,144.34.25.249
262,Ruthanne,Coker,rcoker79@intel.com,Female,67.176.18.111
263,Elsey,Peltz,epeltz7a@biblegateway.com,Female,211.226.155.32
264,De,Simpson,dsimpson7b@independent.co.uk,Female,94.58.145.123
265,Clive,Digle,cdigle7c@unicef.org,Male,24.112.203.34
266,Prudence,Skoyles,pskoyles7d@blogspot.com,Female,246.64.28.156
267,Jocelyne,Eccott,jeccott7e@boston.com,Female,0.140.78.93
268,Lek,Kieran,lkieran7f@uiuc.edu,Male,43.80.61.146
269,Lorettalorna,Gudyer,lgudyer7g@imgur.com,Female,153.27.50.73
270,Zechariah,Gopsall,zgopsall7h@1und1.de,Male,85.46.86.55
271,Adriane,Vedenyapin,avedenyapin7i@google.com.hk,Female,130.121.139.32
272,Rickie,Skerritt,rskerritt7j@soup.io,Male,141.80.41.40
273,Roscoe,Dudney,rdudney7k@dagondesign.com,Male,235.94.143.134
274,Munmro,Bignell,mbignell7l@symantec.com,Male,142.115.155.140
275,Timi,Wheeliker,twheeliker7m@geocities.com,Female,178.248.115.56
276,Caren,Barrows,cbarrows7n@icq.com,Female,222.213.69.239
277,Susanne,Dugood,sdugood7o@mozilla.org,Female,38.134.30.207
278,Karena,Durnell,kdurnell7p@answers.com,Female,223.168.249.195
279,Georgia,Escott,gescott7q@lulu.com,Bigender,127.216.232.194
280,Caryl,Febre,cfebre7r@discovery.com,Female,51.196.64.247
281,Josey,Dinnies,jdinnies7s@ox.ac.uk,Female,42.29.199.31
282,Leela,Alejandri,lalejandri7t@blogtalkradio.com,Polygender,102.152.247.115
283,Freida,Greader,fgreader7u@ustream.tv,Female,49.86.16.86
284,Lonnie,Fittall,lfittall7v@washington.edu,Female,147.77.218.119
285,Brett,Docherty,bdocherty7w@mapy.cz,Male,54.20.162.107
286,Anallise,Hamblen,ahamblen7x@arstechnica.com,Female,225.245.46.37
287,Laural,Shellibeer,lshellibeer7y@addthis.com,Female,80.204.142.191
288,Bradan,Gristock,bgristock7z@digg.com,Male,144.73.223.135
289,Everett,Seccombe,eseccombe80@time.com,Male,233.100.252.78
290,Aridatha,Douberday,adouberday81@sitemeter.com,Female,211.32.218.100
291,Arlette,Hayland,ahayland82@discovery.com,Female,5.168.160.207
292,Tanya,Caddies,tcaddies83@usda.gov,Female,126.48.95.167
293,Sammy,Wilcott,swilcott84@slate.com,Female,162.204.116.121
294,Nessa,Krystof,nkrystof85@ustream.tv,Female,26.158.86.175
295,Suzie,Jupe,sjupe86@rambler.ru,Female,169.241.124.234
296,Claudius,Izaks,cizaks87@npr.org,Agender,199.205.169.89
297,Celestyn,Gaither,cgaither88@hostgator.com,Female,75.162.136.42
298,Angel,Gaiger,agaiger89@wikia.com,Female,22.4.239.91
299,Christabella,Dunmore,cdunmore8a@loc.gov,Female,74.55.217.12
300,Ermentrude,Haughin,ehaughin8b@upenn.edu,Female,224.68.201.196
301,Laurie,Legg,llegg8c@bloglovin.com,Male,51.56.176.179
302,Harrietta,Tapton,htapton8d@oracle.com,Female,196.124.27.168
303,Noelyn,Stobbart,nstobbart8e@twitter.com,Female,148.51.231.235
304,Jasmine,Reeken,jreeken8f@wp.com,Female,88.141.168.174
305,Rollin,Espy,respy8g@omniture.com,Male,173.68.101.223
306,Meagan,Krikorian,mkrikorian8h@ibm.com,Female,220.58.114.181
307,Eloise,Tookill,etookill8i@usatoday.com,Female,177.96.24.94
308,Janaya,Strover,jstrover8j@indiegogo.com,Female,188.226.148.57
309,Galven,De Rechter,gderechter8k@vinaora.com,Genderfluid,174.22.163.143
310,Barrie,Vize,bvize8l@joomla.org,Male,109.0.78.242
311,Gnni,Lobley,globley8m@wikispaces.com,Female,233.4.71.123
312,Brigg,Cuncarr,bcuncarr8n@blinklist.com,Male,92.78.56.235
313,Korrie,Pallent,kpallent8o@merriam-webster.com,Female,4.243.28.202
314,Wendi,Reeders,wreeders8p@slideshare.net,Female,68.15.124.165
315,Amabelle,Louis,alouis8q@auda.org.au,Female,16.110.162.231
316,Sutherland,Sherer,ssherer8r@squarespace.com,Male,252.12.7.196
317,Jackelyn,Denington,jdenington8s@xrea.com,Female,254.151.140.202
318,Reade,Poizer,rpoizer8t@acquirethisname.com,Bigender,16.67.95.23
319,Donovan,Rodbourne,drodbourne8u@who.int,Male,215.140.9.188
320,Regan,Jentgens,rjentgens8v@opensource.org,Female,82.13.234.212
321,Ivor,Ladbrook,iladbrook8w@cbc.ca,Non-binary,161.87.43.36
322,Hazlett,Edmans,hedmans8x@comsenz.com,Male,12.47.153.154
323,Edmund,Wabey,ewabey8y@gmpg.org,Male,177.74.8.208
324,Alejandrina,Sturney,asturney8z@smh.com.au,Female,218.39.203.121
325,Brody,Everall,beverall90@drupal.org,Male,63.142.202.56
326,Lotty,Girkin,lgirkin91@icio.us,Female,91.222.223.113
327,Gail,Luxen,gluxen92@alexa.com,Female,21.71.235.38
328,Trenna,Poplee,tpoplee93@linkedin.com,Female,239.181.185.43
329,Marleen,Froggatt,mfroggatt94@feedburner.com,Female,31.82.158.203
330,Mahmoud,Pauwel,mpauwel95@google.pl,Male,186.79.39.147
331,Ella,Franceschi,efranceschi96@pbs.org,Female,120.52.48.94
332,Hedvige,Bruno,hbruno97@ox.ac.uk,Female,126.249.86.171
333,Raynell,Bernardon,rbernardon98@prlog.org,Female,186.186.170.74
334,Gannie,Coneybeare,gconeybeare99@ucsd.edu,Male,75.217.254.213
335,Corney,Sholem,csholem9a@thetimes.co.uk,Male,193.84.116.62
336,Cornela,Rhule,crhule9b@theglobeandmail.com,Female,134.43.251.98
337,Rhetta,Batsford,rbatsford9c@uol.com.br,Female,212.64.24.230
338,Renault,de Broke,rdebroke9d@g.co,Male,174.219.158.182
339,Jamil,Morkham,jmorkham9e@answers.com,Agender,58.163.201.34
340,Leicester,Cater,lcater9f@mit.edu,Male,253.90.188.186
341,Kimberley,Naul,knaul9g@aboutads.info,Female,234.56.223.152
342,Monika,Spaice,mspaice9h@com.com,Female,197.15.224.47
343,Goober,Chellingworth,gchellingworth9i@oaic.gov.au,Male,225.118.60.204
344,Rodi,Peckett,rpeckett9j@163.com,Female,226.64.158.43
345,Ritchie,Cure,rcure9k@cdbaby.com,Male,47.217.126.187
346,Jeanne,Harvie,jharvie9l@boston.com,Female,114.56.178.128
347,Demetris,Arrighi,darrighi9m@over-blog.com,Male,164.56.144.1
348,Lance,Oulet,loulet9n@google.com,Male,118.157.145.103
349,Vidovic,O'Deoran,vodeoran9o@jugem.jp,Male,255.167.193.55
350,Marcus,Samter,msamter9p@friendfeed.com,Male,207.153.29.128
351,Guthrey,Bosward,gbosward9q@cocolog-nifty.com,Male,201.187.52.205
352,Godfry,Fairham,gfairham9r@ted.com,Male,128.182.81.49
353,Guinevere,Angrick,gangrick9s@cyberchimps.com,Female,0.219.167.2
354,Sigismundo,Pierce,spierce9t@reddit.com,Male,153.33.189.222
355,Nydia,Neem,nneem9u@cafepress.com,Female,105.107.44.163
356,Waldemar,Blankett,wblankett9v@redcross.org,Male,169.99.243.178
357,Rutter,Challace,rchallace9w@slashdot.org,Male,211.24.164.76
358,Rhetta,Brigstock,rbrigstock9x@posterous.com,Female,236.69.107.224
359,Jule,Kilcoyne,jkilcoyne9y@eventbrite.com,Male,154.105.58.96
360,Bevin,Saberton,bsaberton9z@merriam-webster.com,Male,150.154.235.121
361,Daffie,Tudor,dtudora0@discuz.net,Female,9.23.8.237
362,Brok,Figge,bfiggea1@ftc.gov,Male,39.170.124.10
363,Maurits,Wayon,mwayona2@biblegateway.com,Male,72.57.157.4
364,Arlen,Andreotti,aandreottia3@so-net.ne.jp,Male,231.114.42.8
365,Alexi,McAlarney,amcalarneya4@rakuten.co.jp,Female,213.210.211.30
366,Alf,Cawdell,acawdella5@networksolutions.com,Male,31.248.25.136
367,Roxie,Wyer,rwyera6@nydailynews.com,Female,230.93.144.226
368,Lamont,Badsworth,lbadswortha7@sakura.ne.jp,Male,196.64.24.92
369,Arturo,Ghelardoni,aghelardonia8@yelp.com,Agender,174.137.49.251
370,Kaiser,Comrie,kcomriea9@redcross.org,Bigender,234.87.130.229
371,Rutger,Quilter,rquilteraa@craigslist.org,Male,98.159.100.157
372,Shari,Elcoat,selcoatab@whitehouse.gov,Female,12.27.116.103
373,Son,Shewen,sshewenac@theglobeandmail.com,Male,44.198.217.190
374,Antonius,Ewdale,aewdalead@theguardian.com,Male,18.98.52.47
375,Lynnette,Jammet,ljammetae@eventbrite.com,Female,147.243.94.46
376,Sasha,Beacham,sbeachamaf@macromedia.com,Female,2.170.75.157
377,Augy,Duthy,aduthyag@mayoclinic.com,Agender,228.62.220.81
378,Devonne,Mulroy,dmulroyah@salon.com,Female,140.122.201.88
379,Serge,Giraudel,sgiraudelai@nasa.gov,Male,11.68.144.136
380,Artus,Morritt,amorrittaj@purevolume.com,Male,239.181.24.199
381,Elfrieda,Woolstenholmes,ewoolstenholmesak@mit.edu,Female,56.228.221.118
382,Blaine,McManamon,bmcmanamonal@berkeley.edu,Male,250.18.14.247
383,Marla,Ervine,mervineam@edublogs.org,Female,98.143.57.246
384,Toma,Labusquiere,tlabusquierean@baidu.com,Female,121.12.232.252
385,Eryn,Forkan,eforkanao@sina.com.cn,Female,243.141.104.22
386,Branden,Canepe,bcanepeap@salon.com,Male,52.192.183.164
387,Miner,Martinot,mmartinotaq@walmart.com,Male,63.73.135.195
388,Ansel,Rolland,arollandar@sohu.com,Male,84.145.171.190
389,Georgeanna,Rockingham,grockinghamas@npr.org,Female,81.179.3.217
390,Jeff,Draaisma,jdraaismaat@livejournal.com,Male,227.248.71.156
391,Roth,d'Escoffier,rdescoffierau@istockphoto.com,Male,136.27.176.99
392,Trudie,Dunnet,tdunnetav@twitter.com,Female,82.66.177.216
393,Ximenes,Flatt,xflattaw@salon.com,Male,215.82.96.248
394,Sofia,Nanelli,snanelliax@indiatimes.com,Female,125.147.225.143
395,Rolando,Timbridge,rtimbridgeay@redcross.org,Male,217.97.153.163
396,Tallou,Brissenden,tbrissendenaz@economist.com,Female,196.78.94.62
397,Ashbey,Waggatt,awaggattb0@gov.uk,Male,26.237.222.54
398,Bennie,Byron,bbyronb1@istockphoto.com,Female,127.26.83.128
399,Chandal,Moline,cmolineb2@cbsnews.com,Female,138.42.85.57
400,Elijah,Slavin,eslavinb3@naver.com,Male,31.119.128.28
401,Maribelle,Stillgoe,mstillgoeb4@fotki.com,Female,127.216.153.252
402,Paule,Fairclough,pfaircloughb5@imdb.com,Female,1.79.140.191
403,Anne,Tonkinson,atonkinsonb6@deviantart.com,Female,78.177.107.3
404,Jana,Shewring,jshewringb7@alexa.com,Female,130.51.32.138
405,Alfie,Meffin,ameffinb8@ocn.ne.jp,Male,1.171.213.253
406,Aloysius,Curl,acurlb9@reverbnation.com,Male,240.152.178.69
407,Leoline,Noone,lnooneba@msn.com,Agender,26.195.191.147
408,Maire,Sonnenschein,msonnenscheinbb@yahoo.co.jp,Female,125.31.51.140
409,Jennilee,Lyttle,jlyttlebc@photobucket.com,Female,54.231.133.113
410,Tabbatha,Gosselin,tgosselinbd@issuu.com,Female,206.167.194.209
411,Daveta,MacFadin,dmacfadinbe@booking.com,Bigender,92.23.10.22
412,Herbie,Gleeton,hgleetonbf@si.edu,Male,167.237.239.112
413,Andrey,Cranidge,acranidgebg@huffingtonpost.com,Male,18.247.10.154
414,Hayyim,Danniell,hdanniellbh@1und1.de,Polygender,173.61.184.156
415,Misti,Rainford,mrainfordbi@msn.com,Agender,48.107.30.101
416,Christiana,Yeld,cyeldbj@symantec.com,Female,50.76.2.161
417,Marcia,Maffione,mmaffionebk@wikipedia.org,Female,254.161.154.162
418,Analiese,MacGaughy,amacgaughybl@zdnet.com,Female,99.52.228.245
419,Camey,Praundl,cpraundlbm@psu.edu,Polygender,77.144.231.2
420,Cecil,Sherwen,csherwenbn@theatlantic.com,Male,208.117.132.213
421,Lenci,Blankley,lblankleybo@ocn.ne.jp,Male,40.173.1.206
422,Berne,Longfut,blongfutbp@w3.org,Polygender,141.106.32.72
423,Elmira,Zanre,ezanrebq@imdb.com,Female,117.233.72.194
424,Kean,Cleare,kclearebr@oakley.com,Male,103.138.203.4
425,Nicole,Greenrodd,ngreenroddbs@bravesites.com,Female,148.62.19.243
426,Sada,Ghidelli,sghidellibt@mtv.com,Female,95.205.231.191
427,Kenton,Rashleigh,krashleighbu@dailymotion.com,Male,25.77.76.61
428,Torrey,Cannings,tcanningsbv@yahoo.com,Genderqueer,184.134.238.76
429,Vite,Bingham,vbinghambw@google.ru,Male,50.56.9.74
430,Mikey,Saintsbury,msaintsburybx@scientificamerican.com,Male,130.11.161.92
431,Chlo,Yandle,cyandleby@icq.com,Female,201.169.177.50
432,Alfreda,Uglow,auglowbz@linkedin.com,Bigender,29.76.8.237
433,Foster,Roads,froadsc0@cnet.com,Male,207.43.132.32
434,Emmerich,Aronin,earoninc1@weebly.com,Male,163.184.74.17
435,Bethina,Rolfs,brolfsc2@va.gov,Non-binary,145.26.126.157
436,Kale,Tschirschky,ktschirschkyc3@google.com.br,Male,183.93.31.100
437,Patience,Antoniewski,pantoniewskic4@digg.com,Female,179.153.5.141
438,Rozelle,Wallicker,rwallickerc5@geocities.com,Female,250.71.200.178
439,Aldrich,Dugan,aduganc6@123-reg.co.uk,Male,45.96.171.79
440,Rodolphe,Walch,rwalchc7@alibaba.com,Male,186.118.23.46
441,Janean,Sutty,jsuttyc8@hao123.com,Female,177.157.147.16
442,Shelia,Meldrum,smeldrumc9@marketwatch.com,Female,236.20.236.84
443,Wini,Biggs,wbiggsca@constantcontact.com,Female,171.120.142.249
444,Wait,Ornils,wornilscb@ucla.edu,Male,208.239.89.77
445,Maryl,Dullard,mdullardcc@huffingtonpost.com,Female,109.104.4.197
446,Regan,Tulloch,rtullochcd@fastcompany.com,Male,200.187.61.136
447,Ewen,Cleef,ecleefce@businessinsider.com,Male,199.250.211.206
448,Hayyim,Kingdom,hkingdomcf@posterous.com,Male,165.30.247.230
449,Conroy,Fatscher,cfatschercg@economist.com,Male,217.156.32.112
450,Caitrin,Ritzman,critzmanch@wired.com,Female,223.167.148.228
451,Mead,Gossop,mgossopci@i2i.jp,Male,4.179.202.199
452,Timoteo,Cullin,tcullincj@google.ca,Male,239.173.17.243
453,Christos,Thresh,cthreshck@ebay.co.uk,Male,198.139.13.33
454,Anna-maria,Flanagan,aflanagancl@uol.com.br,Female,108.246.240.66
455,Petunia,McQuillin,pmcquillincm@addtoany.com,Female,26.51.162.152
456,Marlowe,Huggons,mhuggonscn@networkadvertising.org,Male,44.81.194.122
457,Hanan,Jentgens,hjentgensco@hp.com,Male,11.190.162.156
458,Hillard,Cherry,hcherrycp@unc.edu,Male,129.5.45.161
459,Benoite,Nanni,bnannicq@uiuc.edu,Female,116.208.187.118
460,Carlin,Cuttings,ccuttingscr@home.pl,Male,222.207.200.237
461,Esmeralda,Chellingworth,echellingworthcs@chicagotribune.com,Female,15.204.73.204
462,Hesther,Rucklidge,hrucklidgect@usa.gov,Female,145.90.199.128
463,Ilse,McDill,imcdillcu@dailymotion.com,Female,128.174.88.194
464,Hadrian,Cauthra,hcauthracv@google.it,Male,53.30.188.230
465,Elmo,Grimmer,egrimmercw@php.net,Male,3.19.104.45
466,Ash,Killick,akillickcx@squarespace.com,Male,120.184.23.123
467,Lilia,Shelborne,lshelbornecy@vinaora.com,Female,94.30.224.49
468,Timoteo,Kollach,tkollachcz@last.fm,Male,40.88.119.204
469,Odette,Shee,osheed0@xrea.com,Female,140.38.144.206
470,Corny,Gaskall,cgaskalld1@usgs.gov,Male,231.8.225.123
471,Margie,Reggiani,mreggianid2@altervista.org,Female,82.138.56.157
472,Arni,Moret,amoretd3@narod.ru,Male,77.132.140.167
473,Giorgio,Caunce,gcaunced4@qq.com,Male,86.208.61.103
474,Fairfax,Pautard,fpautardd5@de.vu,Male,154.215.188.137
475,Frederich,Goford,fgofordd6@sfgate.com,Male,19.67.209.95
476,Claude,Coakley,ccoakleyd7@vistaprint.com,Agender,243.229.89.255
477,Fransisco,Snartt,fsnarttd8@people.com.cn,Male,169.31.175.69
478,Pedro,Botfield,pbotfieldd9@icq.com,Male,109.217.130.189
479,Jemmie,Spittle,jspittleda@gov.uk,Female,134.28.1.126
480,Tristan,Gelletly,tgelletlydb@w3.org,Male,13.228.204.159
481,Doll,Botley,dbotleydc@sbwire.com,Female,176.3.95.53
482,Sharona,Kingzett,skingzettdd@privacy.gov.au,Female,9.245.217.247
483,Darryl,Crummay,dcrummayde@accuweather.com,Male,140.81.195.52
484,Kerwin,Saintpierre,ksaintpierredf@samsung.com,Male,114.234.15.72
485,Nickolas,Othen,nothendg@qq.com,Male,207.168.138.56
486,Brenn,Mulligan,bmulligandh@washingtonpost.com,Female,188.36.64.60
487,Veronika,Sturr,vsturrdi@cpanel.net,Female,89.209.246.108
488,Diego,Blurton,dblurtondj@redcross.org,Male,222.37.18.64
489,Alfonse,Skiggs,askiggsdk@huffingtonpost.com,Male,39.253.90.239
490,Lyell,Pavia,lpaviadl@scribd.com,Male,149.38.67.5
491,Jerrie,Gambie,jgambiedm@dyndns.org,Female,105.208.205.242
492,Geri,Collinette,gcollinettedn@nytimes.com,Male,251.133.160.190
493,Nicholle,Elsop,nelsopdo@nbcnews.com,Female,207.186.99.190
494,Celie,Cosslett,ccosslettdp@reuters.com,Female,250.139.101.85
495,Mahmud,Bernardeschi,mbernardeschidq@pinterest.com,Male,197.174.139.139
496,Darnall,Bootes,dbootesdr@de.vu,Male,56.88.50.242
497,Raddie,Yaakov,ryaakovds@economist.com,Male,142.234.54.216
498,Esme,Simunek,esimunekdt@sitemeter.com,Male,116.25.58.136
499,Raye,Lampart,rlampartdu@cpanel.net,Female,91.181.25.78
500,Wilt,Bohje,wbohjedv@odnoklassniki.ru,Male,78.217.99.101
501,Faydra,Elcocks,felcocksdw@webs.com,Female,1.229.68.41
502,Lance,Dreier,ldreierdx@hibu.com,Male,229.182.46.74
503,Elli,Whiles,ewhilesdy@state.gov,Genderqueer,162.206.49.221
504,Leena,Charrington,lcharringtondz@deliciousdays.com,Genderqueer,25.8.152.86
505,Rickert,Kunkler,rkunklere0@google.co.jp,Male,139.58.227.26
506,Ninnette,Maguire,nmaguiree1@purevolume.com,Female,228.27.138.102
507,Anallise,McCrainor,amccrainore2@cafepress.com,Female,164.135.87.139
508,Blancha,Georgi,bgeorgie3@yandex.ru,Female,51.141.56.212
509,Skelly,Urion,surione4@salon.com,Male,129.72.26.113
510,Elfrieda,Durham,edurhame5@about.com,Female,185.114.134.1
511,Frank,Brushneen,fbrushneene6@printfriendly.com,Male,29.231.221.199
512,Em,Rudgley,erudgleye7@europa.eu,Male,45.35.18.105
513,Tommie,Gilbank,tgilbanke8@chron.com,Male,101.8.26.164
514,Mayer,Biasioli,mbiasiolie9@washingtonpost.com,Male,111.127.56.44
515,Othello,Rampage,orampageea@auda.org.au,Male,75.75.149.63
516,Kaitlin,Battlestone,kbattlestoneeb@feedburner.com,Female,57.106.179.1
517,Willy,Bresnen,wbresnenec@aboutads.info,Male,181.220.215.238
518,Arnaldo,Ofer,aofered@storify.com,Male,213.136.48.12
519,Tobin,Mishaw,tmishawee@livejournal.com,Male,44.87.65.225
520,Corbet,Lowne,clowneef@lycos.com,Male,72.165.142.212
521,Elisabet,Heindl,eheindleg@meetup.com,Female,206.13.100.232
522,Bronson,Brewerton,bbrewertoneh@nyu.edu,Male,57.228.65.194
523,Jonie,Greensall,jgreensallei@4shared.com,Female,82.94.61.220
524,Duky,Mallett,dmallettej@dagondesign.com,Male,117.65.170.6
525,Hildagard,Brand,hbrandek@accuweather.com,Female,88.140.144.191
526,Nickolaus,Hatch,nhatchel@trellian.com,Male,93.2.205.9
527,Inglis,Kolushev,ikolushevem@zimbio.com,Male,152.170.10.8
528,Curtice,Tzuker,ctzukeren@hao123.com,Male,158.78.129.41
529,Ariadne,Harlett,aharletteo@live.com,Female,113.100.194.164
530,Hastie,Shama,hshamaep@craigslist.org,Male,13.242.127.50
531,Vladamir,Akers,vakerseq@xing.com,Male,232.103.81.194
532,Vinnie,Linneman,vlinnemaner@shutterfly.com,Female,160.14.61.176
533,Dalston,Traynor,dtraynores@lycos.com,Male,231.228.142.45
534,Jorgan,McCreery,jmccreeryet@nature.com,Male,215.124.246.99
535,Sherlocke,Ivshin,sivshineu@woothemes.com,Male,111.183.231.184
536,Marline,Ethersey,metherseyev@xing.com,Female,163.20.40.153
537,Judd,Pruckner,jprucknerew@altervista.org,Male,9.75.197.246
538,Fletcher,Lipscombe,flipscombeex@multiply.com,Male,98.131.60.181
539,Marylinda,Pretley,mpretleyey@umn.edu,Female,221.96.3.124
540,Cynthy,Eaken,ceakenez@indiatimes.com,Agender,151.158.192.138
541,Talbert,Toy,ttoyf0@vimeo.com,Male,88.17.76.142
542,Zeke,Osanne,zosannef1@npr.org,Male,89.164.47.226
543,Derry,Pawelek,dpawelekf2@g.co,Male,216.72.249.32
544,Kippy,Gosneye,kgosneyef3@china.com.cn,Female,116.110.192.240
545,Cesare,Roffey,croffeyf4@opensource.org,Male,48.130.196.72
546,Federico,Cluse,fclusef5@redcross.org,Male,150.243.242.119
547,Fletcher,Garfit,fgarfitf6@irs.gov,Non-binary,64.249.60.191
548,Agace,Ferrieri,aferrierif7@va.gov,Female,36.214.195.184
549,Jamison,Adshed,jadshedf8@microsoft.com,Male,134.135.115.238
550,Kaiser,Devey,kdeveyf9@wikispaces.com,Male,89.32.61.98
551,Emelyne,Rens,erensfa@phoca.cz,Bigender,143.6.36.159
552,Barnabas,Patron,bpatronfb@yelp.com,Male,93.250.162.199
553,Allianora,Redparth,aredparthfc@arstechnica.com,Female,13.56.88.5
554,Elset,Jennemann,ejennemannfd@scribd.com,Female,150.133.150.60
555,Vince,Keeping,vkeepingfe@mashable.com,Male,111.47.153.236
556,Karissa,Petrowsky,kpetrowskyff@icio.us,Female,246.61.226.46
557,Dominique,Greendale,dgreendalefg@blogger.com,Genderqueer,254.20.135.226
558,Iseabal,Rheubottom,irheubottomfh@networkadvertising.org,Genderqueer,224.80.92.207
559,Clem,Blasik,cblasikfi@tripadvisor.com,Female,68.31.221.94
560,Yule,Giorgini,ygiorginifj@parallels.com,Male,21.208.155.137
561,Prentice,Kegan,pkeganfk@goo.ne.jp,Male,52.42.176.48
562,Sara-ann,Craiker,scraikerfl@hugedomains.com,Female,195.14.51.127
563,Ara,Nussen,anussenfm@reverbnation.com,Male,20.199.20.109
564,Winne,Hawsby,whawsbyfn@unblog.fr,Female,162.125.239.15
565,Maryrose,Iacovini,miacovinifo@sbwire.com,Female,115.104.116.216
566,Hobard,Bonifazio,hbonifaziofp@discuz.net,Male,31.210.129.252
567,Hymie,Dunseith,hdunseithfq@mozilla.com,Male,163.217.147.147
568,Cally,Furzey,cfurzeyfr@comcast.net,Genderqueer,144.2.121.65
569,Dyann,Rigden,drigdenfs@bloomberg.com,Female,227.255.87.141
570,Ola,McDowall,omcdowallft@accuweather.com,Female,47.197.110.136
571,Nerissa,Fonzo,nfonzofu@spiegel.de,Female,159.67.102.100
572,Gleda,Jagiela,gjagielafv@ihg.com,Female,165.18.79.36
573,Mireielle,Scarasbrick,mscarasbrickfw@scribd.com,Female,64.169.249.127
574,Conny,Lumley,clumleyfx@hostgator.com,Male,197.144.220.143
575,Gordon,Berndtsson,gberndtssonfy@spotify.com,Male,203.231.26.92
576,Fidela,Moylane,fmoylanefz@mozilla.com,Female,102.3.80.76
577,Sinclare,Pendrich,spendrichg0@list-manage.com,Male,184.143.99.129
578,Fifi,Krysztofowicz,fkrysztofowiczg1@apache.org,Female,233.136.207.22
579,Estella,Lesaunier,elesaunierg2@bluehost.com,Female,40.1.88.84
580,Bea,Crimp,bcrimpg3@accuweather.com,Bigender,114.247.220.11
581,Hamlin,Queyos,hqueyosg4@google.it,Bigender,123.51.31.8
582,Brittne,Enrdigo,benrdigog5@gravatar.com,Female,136.67.43.211
583,Wynnie,Cowl,wcowlg6@yahoo.com,Female,30.198.107.72
584,Deirdre,Swanbourne,dswanbourneg7@google.de,Female,127.249.127.5
585,Walker,Defries,wdefriesg8@bbc.co.uk,Male,218.122.137.188
586,Vite,Joret,vjoretg9@t-online.de,Male,102.254.39.255
587,Katerina,Brannon,kbrannonga@wp.com,Female,77.193.80.100
588,Liliane,Winsborrow,lwinsborrowgb@myspace.com,Female,194.92.235.186
589,Conni,Redon,credongc@is.gd,Female,4.87.104.181
590,Jodi,Georgeot,jgeorgeotgd@businessweek.com,Male,204.20.207.119
591,Malvin,Devoy,mdevoyge@unicef.org,Male,249.82.128.82
592,Rog,Sijmons,rsijmonsgf@histats.com,Male,234.94.99.86
593,Doe,Wallis,dwallisgg@nba.com,Female,212.51.108.115
594,Trixi,Eadie,teadiegh@prweb.com,Female,3.22.63.39
595,Madelina,McDunlevy,mmcdunlevygi@flavors.me,Female,158.226.11.214
596,Lexie,Loughlin,lloughlingj@instagram.com,Female,17.100.152.131
597,Jedidiah,Crab,jcrabgk@gmpg.org,Male,32.114.136.2
598,Constancy,Pearse,cpearsegl@eventbrite.com,Female,71.155.83.151
599,Courtney,Botwright,cbotwrightgm@oaic.gov.au,Polygender,224.6.221.97
600,Pippa,Morcombe,pmorcombegn@wix.com,Female,152.230.198.231
601,Randolph,Sleet,rsleetgo@flavors.me,Male,199.84.57.55
602,Micheline,Castledine,mcastledinegp@wikispaces.com,Non-binary,79.159.173.119
603,Bianka,Edensor,bedensorgq@kickstarter.com,Female,120.27.14.211
604,Caressa,Alben,calbengr@w3.org,Female,104.100.22.75
605,Giulio,Lobley,globleygs@cbc.ca,Male,194.213.212.217
606,Lyndsey,Eddy,leddygt@altervista.org,Female,142.109.166.129
607,Edith,Kinvig,ekinviggu@businessinsider.com,Female,234.199.224.32
608,Melisse,Maryin,mmaryingv@parallels.com,Female,8.27.236.22
609,Farley,Redwood,fredwoodgw@cyberchimps.com,Male,84.103.25.213
610,Sigismund,Besse,sbessegx@wikispaces.com,Male,151.7.80.172
611,Rea,Klimentyonok,rklimentyonokgy@google.cn,Female,60.9.189.125
612,Jemima,Deschelle,jdeschellegz@nymag.com,Female,193.53.203.192
613,Onfre,Leopold,oleopoldh0@tripadvisor.com,Male,83.115.205.105
614,Giralda,Maltster,gmaltsterh1@skyrock.com,Female,253.252.42.13
615,Carolina,Docksey,cdockseyh2@addthis.com,Female,70.16.141.255
616,Zondra,Barthrup,zbarthruph3@devhub.com,Female,226.144.119.98
617,Egbert,Demeter,edemeterh4@bloomberg.com,Male,246.215.93.51
618,Marthe,Chestney,mchestneyh5@pen.io,Female,76.243.222.138
619,Gavin,Bittany,gbittanyh6@yellowbook.com,Male,72.109.94.219
620,Josselyn,Leachman,jleachmanh7@biblegateway.com,Female,6.182.22.53
621,Jere,Ireson,jiresonh8@zimbio.com,Female,144.197.93.110
622,Sondra,Spavins,sspavinsh9@slashdot.org,Female,48.111.86.3
623,Margery,Reuss,mreussha@eepurl.com,Agender,86.252.73.207
624,Renaldo,Livard,rlivardhb@typepad.com,Male,54.82.234.199
625,Kinnie,Leggin,klegginhc@slashdot.org,Male,117.10.162.104
626,Enid,Loreit,eloreithd@dailymotion.com,Female,129.189.149.48
627,Allan,Hollow,ahollowhe@businessinsider.com,Male,216.137.14.56
628,Deana,Philo,dphilohf@fc2.com,Female,94.239.152.23
629,Trish,Laterza,tlaterzahg@mit.edu,Female,193.141.224.54
630,Callean,Wharf,cwharfhh@artisteer.com,Male,124.51.144.100
631,Riordan,Stribling,rstriblinghi@google.co.uk,Male,58.95.14.84
632,Husein,Byrom,hbyromhj@comsenz.com,Male,113.242.41.20
633,Erasmus,Wilshire,ewilshirehk@ebay.com,Male,156.27.196.59
634,Jermayne,Glaysher,jglaysherhl@china.com.cn,Male,147.161.135.171
635,Jaime,Whitebread,jwhitebreadhm@google.it,Male,207.152.249.18
636,Elnar,MacVaugh,emacvaughhn@cisco.com,Male,202.184.193.146
637,Reeba,Lillistone,rlillistoneho@forbes.com,Female,158.65.41.174
638,Georgeanna,Olorenshaw,golorenshawhp@boston.com,Female,151.172.224.164
639,Timoteo,Cudby,tcudbyhq@epa.gov,Male,62.166.251.201
640,Leisha,Baudains,lbaudainshr@go.com,Female,231.234.118.166
641,Sebastian,Entreis,sentreishs@slate.com,Male,232.175.54.160
642,Alair,Culwen,aculwenht@google.co.uk,Male,67.227.199.60
643,Jacqueline,Dunnett,jdunnetthu@imdb.com,Female,176.71.70.103
644,Kathe,Henrych,khenrychhv@webnode.com,Female,224.15.231.159
645,Jammal,Bulled,jbulledhw@sakura.ne.jp,Male,191.106.237.132
646,Siana,Roseaman,sroseamanhx@sourceforge.net,Female,78.104.139.174
647,Yelena,Brigshaw,ybrigshawhy@mozilla.com,Female,146.121.122.252
648,Willard,Pipes,wpipeshz@baidu.com,Male,112.129.96.200
649,Paolo,Coucha,pcouchai0@spiegel.de,Non-binary,71.178.40.39
650,Carole,Kellick,ckellicki1@sun.com,Female,89.255.155.250
651,Henrie,Cabrer,hcabreri2@amazon.co.jp,Female,180.100.106.6
652,Morgana,Hammelberg,mhammelbergi3@github.com,Female,149.156.228.165
653,Ellene,Pentycost,epentycosti4@newsvine.com,Agender,162.59.163.36
654,Britt,Scroggie,bscroggiei5@nsw.gov.au,Male,109.141.5.88
655,Sergio,Verity,sverityi6@wikispaces.com,Male,150.56.58.153
656,Syman,Pirelli,spirellii7@senate.gov,Male,245.171.201.34
657,Birdie,Willstrop,bwillstropi8@opera.com,Female,187.33.14.152
658,Frederico,Gallgher,fgallgheri9@ihg.com,Male,3.55.68.88
659,Cindie,Skinner,cskinneria@umich.edu,Bigender,39.128.191.136
660,Morgun,Corker,mcorkerib@t.co,Male,133.18.60.128
661,Theo,Brine,tbrineic@altervista.org,Female,116.55.123.185
662,Hercule,Gergher,hgergherid@un.org,Male,156.197.110.241
663,Larine,Letchmore,lletchmoreie@mayoclinic.com,Female,4.215.92.102
664,Joellen,Taile,jtaileif@admin.ch,Female,95.190.98.25
665,Alberto,MacMurray,amacmurrayig@instagram.com,Male,126.184.67.125
666,Kara,Ryal,kryalih@princeton.edu,Female,248.147.145.144
667,Cletus,Jochanany,cjochananyii@baidu.com,Male,177.183.237.72
668,Federico,McKerron,fmckerronij@creativecommons.org,Male,235.224.165.10
669,Jean,Organer,jorganerik@phpbb.com,Male,220.67.35.201
670,Leilah,Kinvan,lkinvanil@dyndns.org,Female,25.12.33.46
671,Duky,Yurenin,dyureninim@istockphoto.com,Male,206.123.69.103
672,Lilian,Lawling,llawlingin@guardian.co.uk,Female,31.52.44.170
673,Electra,Barttrum,ebarttrumio@google.pl,Genderqueer,93.133.82.40
674,Base,Minster,bminsterip@vistaprint.com,Male,133.199.96.127
675,Pauly,Tetford,ptetfordiq@zdnet.com,Genderfluid,238.25.69.13
676,Bary,MacLeod,bmacleodir@army.mil,Male,32.125.198.51
677,Letti,Hegges,lheggesis@senate.gov,Female,234.58.40.119
678,Zoe,Antonowicz,zantonowiczit@purevolume.com,Female,130.175.175.182
679,Liv,Denisyuk,ldenisyukiu@jalbum.net,Female,42.205.239.112
680,Alair,Worvill,aworvilliv@cdbaby.com,Male,252.114.88.190
681,Helene,Maevela,hmaevelaiw@aol.com,Female,104.253.100.74
682,Anet,Sell,asellix@cornell.edu,Female,146.222.80.166
683,Josias,Purchall,jpurchalliy@nyu.edu,Male,90.173.46.34
684,Gabbie,Checkley,gcheckleyiz@wordpress.com,Male,185.82.17.109
685,Abdul,Stellin,astellinj0@economist.com,Male,186.109.134.8
686,Judah,Lenard,jlenardj1@webnode.com,Male,253.208.65.218
687,Sandi,Percival,spercivalj2@slate.com,Female,148.90.94.149
688,Johnathon,Wilstead,jwilsteadj3@illinois.edu,Male,202.48.72.168
689,Stephenie,Posen,sposenj4@dot.gov,Female,127.6.237.123
690,Olivie,Haet,ohaetj5@discovery.com,Female,100.80.238.29
691,Manfred,Tordiffe,mtordiffej6@virginia.edu,Male,9.2.74.72
692,Thibaud,McGrorty,tmcgrortyj7@baidu.com,Male,133.221.75.61
693,Lidia,Basindale,lbasindalej8@ted.com,Female,167.135.39.230
694,Aloise,Crofts,acroftsj9@dailymail.co.uk,Female,129.232.76.208
695,Theadora,Sotworth,tsotworthja@fastcompany.com,Female,241.195.142.110
696,Sarah,Bignall,sbignalljb@tmall.com,Female,173.208.37.4
697,Staffard,Littleproud,slittleproudjc@vistaprint.com,Male,143.27.148.67
698,Ronda,McKee,rmckeejd@mysql.com,Agender,78.6.245.129
699,Teddy,Cupper,tcupperje@thetimes.co.uk,Female,216.68.53.81
700,Randolf,Briand,rbriandjf@de.vu,Male,52.80.102.39
701,Linnet,Upex,lupexjg@marriott.com,Female,119.121.135.81
702,Milly,Stodd,mstoddjh@redcross.org,Female,101.202.79.210
703,Upton,Aveyard,uaveyardji@tinypic.com,Male,31.64.35.68
704,Mia,Duffus,mduffusjj@un.org,Female,120.2.51.210
705,Nikos,Tremain,ntremainjk@slashdot.org,Male,157.201.255.147
706,Raynell,Handman,rhandmanjl@psu.edu,Female,191.234.229.37
707,Rafaello,Kerr,rkerrjm@huffingtonpost.com,Male,46.37.211.38
708,Candie,Carneck,ccarneckjn@about.me,Female,7.219.173.5
709,Drucie,Copo,dcopojo@google.pl,Female,116.175.243.76
710,Jean,Annett,jannettjp@gov.uk,Female,80.111.26.188
711,Daphna,Rosenqvist,drosenqvistjq@wufoo.com,Female,230.52.56.131
712,Bianca,Haking,bhakingjr@issuu.com,Female,207.25.7.244
713,Gustavo,Burt,gburtjs@oracle.com,Male,2.235.209.194
714,Eric,Mendes,emendesjt@comcast.net,Male,122.23.233.69
715,Zacharia,Partington,zpartingtonju@nature.com,Bigender,52.205.172.93
716,Auberon,Abisetti,aabisettijv@dedecms.com,Male,87.39.166.249
717,Clint,Shapcote,cshapcotejw@seesaa.net,Male,30.245.182.64
718,Astrix,Falkus,afalkusjx@upenn.edu,Female,55.89.62.79
719,Yorgos,Fotherby,yfotherbyjy@earthlink.net,Male,139.162.213.8
720,Pippa,Stadden,pstaddenjz@noaa.gov,Female,50.106.78.143
721,Leanor,Olenikov,lolenikovk0@multiply.com,Female,53.119.82.254
722,Elspeth,Rewan,erewank1@ning.com,Female,62.227.243.159
723,Torre,Haysham,thayshamk2@webeden.co.uk,Male,39.157.35.104
724,Jaine,Lewsley,jlewsleyk3@yellowbook.com,Female,66.141.6.225
725,Conrade,Phippard,cphippardk4@cbc.ca,Male,232.129.136.85
726,Bonnie,Bingell,bbingellk5@github.com,Female,84.186.110.179
727,Kelby,Alcock,kalcockk6@wikia.com,Male,241.27.163.109
728,Hermione,Eakins,heakinsk7@reuters.com,Female,249.184.103.179
729,Simona,Holhouse,sholhousek8@opera.com,Female,182.196.163.218
730,Isis,Saylor,isaylork9@nymag.com,Female,221.167.129.73
731,Sergio,Kreber,skreberka@soundcloud.com,Male,241.241.197.158
732,Gradey,Hadwen,ghadwenkb@twitpic.com,Male,125.176.252.145
733,Clemmy,Bartoli,cbartolikc@shop-pro.jp,Female,171.189.186.184
734,Alan,Ferguson,afergusonkd@epa.gov,Male,42.77.75.69
735,Babara,Hargreave,bhargreaveke@163.com,Female,203.118.105.145
736,Gale,Genney,ggenneykf@unesco.org,Female,54.67.237.233
737,Ingrim,Bruinsma,ibruinsmakg@mysql.com,Male,248.245.148.43
738,Hayyim,Buddell,hbuddellkh@nature.com,Male,236.214.170.58
739,Brodie,Thewles,bthewleski@google.it,Male,149.156.184.76
740,Dorothy,Fellos,dfelloskj@squarespace.com,Female,64.108.53.183
741,Kizzie,Straun,kstraunkk@list-manage.com,Female,203.79.202.79
742,Saloma,Way,swaykl@blogtalkradio.com,Female,169.203.67.80
743,Boy,Littledike,blittledikekm@desdev.cn,Male,219.197.220.92
744,Carolann,Blaisdell,cblaisdellkn@yandex.ru,Female,106.54.216.132
745,Laure,Oliffe,loliffeko@ning.com,Female,227.94.92.243
746,Ashli,Vidloc,avidlockp@ox.ac.uk,Female,120.21.173.44
747,Ker,Peterson,kpetersonkq@howstuffworks.com,Male,75.102.123.224
748,Ariadne,Feifer,afeiferkr@patch.com,Female,108.183.81.56
749,Elysia,Gillian,egillianks@auda.org.au,Female,11.89.139.143
750,Candice,MacCaughan,cmaccaughankt@so-net.ne.jp,Female,9.53.21.13
751,Henriette,Durrant,hdurrantku@mediafire.com,Female,106.125.119.18
752,Jon,Haslam,jhaslamkv@narod.ru,Male,80.139.99.80
753,Jesse,Nobbs,jnobbskw@blogtalkradio.com,Female,79.113.116.122
754,Donal,Kinde,dkindekx@dropbox.com,Male,131.76.43.203
755,Fairleigh,Ricardot,fricardotky@bbc.co.uk,Male,209.209.227.102
756,Leonora,Nisard,lnisardkz@simplemachines.org,Female,248.43.77.83
757,Rhea,Mingay,rmingayl0@sogou.com,Female,65.137.89.99
758,Darbie,Milson,dmilsonl1@phpbb.com,Female,255.7.235.85
759,Angil,Derks,aderksl2@nih.gov,Female,118.68.180.251
760,Flss,Delahunty,fdelahuntyl3@fotki.com,Female,122.242.54.166
761,Bernadine,Ridgley,bridgleyl4@amazon.co.jp,Female,218.177.222.83
762,Alma,Henrichs,ahenrichsl5@youku.com,Female,196.234.84.211
763,Emory,Bettley,ebettleyl6@live.com,Polygender,125.40.180.15
764,Dona,Poles,dpolesl7@clickbank.net,Female,119.133.108.173
765,Pernell,Mallall,pmallalll8@npr.org,Male,194.220.111.77
766,Terry,Farney,tfarneyl9@forbes.com,Female,188.100.40.216
767,Nanine,Goudie,ngoudiela@imgur.com,Female,20.92.109.27
768,Mikol,Need,mneedlb@gov.uk,Male,212.234.96.37
769,Georgena,Govern,ggovernlc@reverbnation.com,Polygender,92.163.69.111
770,Shirley,Streat,sstreatld@newyorker.com,Female,101.76.132.182
771,Gabe,Antunez,gantunezle@opera.com,Male,77.41.222.73
772,Nap,Tildesley,ntildesleylf@wikispaces.com,Male,201.135.237.53
773,Garvy,Camsey,gcamseylg@cloudflare.com,Male,5.43.241.162
774,Eolande,Eckery,eeckerylh@va.gov,Female,101.132.102.152
775,Kathrine,Baroche,kbarocheli@si.edu,Female,88.172.164.97
776,Marcelle,Crank,mcranklj@salon.com,Female,63.183.106.180
777,Leila,Stoakley,lstoakleylk@friendfeed.com,Polygender,120.229.163.46
778,Rutledge,Rosenauer,rrosenauerll@nba.com,Male,112.165.45.162
779,Nissie,Klimov,nklimovlm@cnet.com,Female,39.156.84.250
780,Archambault,Guinan,aguinanln@paypal.com,Male,192.183.162.76
781,Salvatore,Alliband,sallibandlo@mlb.com,Male,212.168.183.145
782,Kassie,Duffield,kduffieldlp@bloglovin.com,Female,180.50.27.171
783,Jewell,Dartnall,jdartnalllq@wp.com,Female,12.174.116.201
784,Paten,Riggulsford,priggulsfordlr@wikimedia.org,Male,136.71.50.174
785,Leicester,Dixie,ldixiels@csmonitor.com,Male,236.72.83.129
786,Giusto,Baudasso,gbaudassolt@unicef.org,Male,231.162.82.16
787,Burg,Richarz,bricharzlu@cdc.gov,Genderfluid,162.192.115.238
788,Rosita,Shilito,rshilitolv@slate.com,Genderfluid,35.224.129.44
789,Royall,Poppy,rpoppylw@tinypic.com,Male,221.12.8.93
790,Sharai,Jzhakov,sjzhakovlx@cam.ac.uk,Female,9.242.105.56
791,Mordy,Storie,mstoriely@instagram.com,Male,64.65.76.161
792,Zenia,Newey,zneweylz@free.fr,Female,10.90.79.196
793,Lesly,Dobing,ldobingm0@mlb.com,Female,145.163.177.92
794,Dinah,Whittles,dwhittlesm1@alibaba.com,Female,132.8.240.133
795,Rriocard,Paulou,rpauloum2@tripod.com,Male,215.245.94.74
796,Philippine,Haggett,phaggettm3@sina.com.cn,Female,87.35.196.251
797,Didi,Talmadge,dtalmadgem4@1688.com,Female,179.21.177.79
798,Rockie,Ion,rionm5@slate.com,Male,213.86.98.202
799,Zak,Grim,zgrimm6@edublogs.org,Male,17.193.196.140
800,Jessie,Dadswell,jdadswellm7@webeden.co.uk,Female,139.146.164.84
801,Maureene,Beetlestone,mbeetlestonem8@imgur.com,Female,182.164.224.187
802,Howard,Collopy,hcollopym9@slideshare.net,Male,139.75.75.140
803,Donnie,Rockcliff,drockcliffma@cafepress.com,Male,218.194.217.235
804,Joellen,Clink,jclinkmb@printfriendly.com,Female,80.90.83.235
805,Gayla,Everex,geverexmc@answers.com,Female,246.197.85.24
806,Israel,Jakobssen,ijakobssenmd@upenn.edu,Polygender,253.206.61.19
807,Moore,Garnar,mgarnarme@samsung.com,Male,79.83.44.17
808,Geoff,Armes,garmesmf@tmall.com,Male,236.61.243.232
809,Toby,Harrigan,tharriganmg@addthis.com,Female,141.85.181.5
810,Eric,Portman,eportmanmh@clickbank.net,Male,229.212.21.158
811,Garland,McShirrie,gmcshirriemi@ca.gov,Agender,18.63.135.147
812,Wenonah,Rutledge,wrutledgemj@wp.com,Female,193.47.239.193
813,Lind,Treby,ltrebymk@e-recht24.de,Male,139.81.248.24
814,Athena,Augustin,aaugustinml@51.la,Female,18.43.255.48
815,Oralle,Pods,opodsmm@csmonitor.com,Female,167.94.200.242
816,Nathanael,Wragg,nwraggmn@amazon.de,Male,67.224.136.186
817,Armin,Skahill,askahillmo@sciencedirect.com,Male,46.45.100.138
818,Clarine,Rhule,crhulemp@jigsy.com,Female,145.123.251.16
819,Lita,Stubbins,lstubbinsmq@histats.com,Female,140.136.121.10
820,Codi,Sanches,csanchesmr@google.de,Female,72.243.248.122
821,Giselbert,Greer,ggreerms@ted.com,Male,14.3.185.107
822,Killie,Sommer,ksommermt@sogou.com,Male,175.189.190.110
823,Siegfried,Reveland,srevelandmu@wunderground.com,Male,41.123.251.42
824,Coral,Ascraft,cascraftmv@umich.edu,Female,103.25.33.197
825,Maddie,Pennuzzi,mpennuzzimw@ted.com,Female,183.107.241.154
826,Blanche,Kryzhov,bkryzhovmx@buzzfeed.com,Female,90.245.205.85
827,Arley,Haill,ahaillmy@cocolog-nifty.com,Male,173.169.221.2
828,Evania,Tomasino,etomasinomz@answers.com,Female,6.53.82.10
829,Duane,Heigl,dheigln0@unicef.org,Male,62.196.108.96
830,Bobbe,Connal,bconnaln1@youku.com,Female,120.106.203.228
831,Casar,Jakubovics,cjakubovicsn2@cnet.com,Non-binary,124.168.109.188
832,Elliot,Hance,ehancen3@europa.eu,Male,196.37.181.130
833,Marietta,Gourlie,mgourlien4@opensource.org,Bigender,207.82.137.249
834,Jammal,Gueny,jguenyn5@europa.eu,Male,102.48.146.10
835,Kaela,Riha,krihan6@sun.com,Female,180.123.20.48
836,Derick,Rodway,drodwayn7@yahoo.co.jp,Male,123.245.83.79
837,Alleyn,Serrurier,aserruriern8@phoca.cz,Male,182.2.144.150
838,Devin,Polglase,dpolglasen9@time.com,Male,129.27.38.178
839,Sonny,Soars,ssoarsna@cdbaby.com,Male,222.97.40.195
840,Harriette,Helm,hhelmnb@examiner.com,Female,52.213.78.110
841,Xena,De Maria,xdemarianc@chronoengine.com,Female,68.69.145.177
842,Manda,Pavyer,mpavyernd@4shared.com,Female,233.218.205.103
843,Elva,Thornton-Dewhirst,ethorntondewhirstne@addtoany.com,Female,162.208.107.4
844,Nancy,Bowller,nbowllernf@sogou.com,Female,5.217.91.40
845,Fey,Bromet,fbrometng@stumbleupon.com,Female,235.208.134.185
846,Nomi,Aspinal,naspinalnh@goodreads.com,Female,10.227.116.114
847,Lila,Fenemore,lfenemoreni@simplemachines.org,Female,51.25.230.84
848,Correy,Crooks,ccrooksnj@nbcnews.com,Bigender,234.142.44.88
849,Renelle,Ragate,rragatenk@etsy.com,Female,211.178.151.105
850,Bert,Casellas,bcasellasnl@symantec.com,Female,82.251.173.96
851,Hartwell,Wathall,hwathallnm@photobucket.com,Male,157.216.211.230
852,Donelle,Mc Kellen,dmckellennn@domainmarket.com,Female,194.42.48.197
853,Ringo,Carde,rcardeno@buzzfeed.com,Male,20.42.224.182
854,Cord,Adamovitch,cadamovitchnp@shutterfly.com,Male,118.192.227.238
855,Yves,Ouldcott,youldcottnq@mlb.com,Bigender,109.76.255.16
856,Donnell,Beadon,dbeadonnr@is.gd,Male,22.136.51.51
857,Rafa,O'Scanlan,roscanlanns@google.co.uk,Female,142.93.18.252
858,Darci,Gunnell,dgunnellnt@privacy.gov.au,Female,113.83.250.153
859,Aurilia,Shurrocks,ashurrocksnu@yelp.com,Female,5.76.57.246
860,Emanuel,Keal,ekealnv@gizmodo.com,Male,3.213.110.179
861,Sher,Daout,sdaoutnw@cornell.edu,Female,72.216.35.53
862,Devlen,Jillard,djillardnx@state.gov,Male,29.109.237.251
863,Juliann,Dytham,jdythamny@histats.com,Female,18.248.209.52
864,Cornela,Anselmi,canselminz@uol.com.br,Female,164.154.36.18
865,Paulina,Noden,pnodeno0@ted.com,Female,31.40.193.209
866,Brandi,Gierek,bgiereko1@delicious.com,Female,112.249.217.91
867,Wade,Giovannacci,wgiovannaccio2@github.io,Male,212.40.120.115
868,Sheilah,Prugel,sprugelo3@slideshare.net,Female,30.106.150.172
869,Paco,Jeckells,pjeckellso4@creativecommons.org,Male,131.152.194.250
870,Sauveur,Betteson,sbettesono5@webnode.com,Male,67.28.82.113
871,Ruthe,Markwell,rmarkwello6@icio.us,Female,138.79.74.157
872,Corrine,Erlam,cerlamo7@pinterest.com,Female,106.74.221.142
873,Nathanael,Chellenham,nchellenhamo8@fastcompany.com,Male,1.133.134.47
874,Virgilio,Ewbanck,vewbancko9@sina.com.cn,Male,49.108.35.244
875,Asher,Summerton,asummertonoa@sphinn.com,Male,183.243.198.29
876,Pippo,Zelley,pzelleyob@simplemachines.org,Male,57.160.169.76
877,Paola,Setterthwait,psetterthwaitoc@mail.ru,Female,15.164.46.76
878,Christoffer,Kilfeather,ckilfeatherod@dagondesign.com,Male,113.210.106.104
879,Lemmy,Featherstonhaugh,lfeatherstonhaughoe@dell.com,Male,129.73.142.16
880,Helene,Crichmere,hcrichmereof@clickbank.net,Female,196.164.235.87
881,Torey,Doole,tdooleog@tinyurl.com,Female,67.90.218.2
882,Godfrey,McLise,gmcliseoh@ucoz.com,Male,225.77.133.214
883,Boris,Blackleech,bblackleechoi@fotki.com,Male,183.219.120.44
884,Kissie,Guinness,kguinnessoj@discuz.net,Female,212.218.174.25
885,Barbey,Heyward,bheywardok@thetimes.co.uk,Female,4.113.149.164
886,Abran,Zecchi,azecchiol@dagondesign.com,Male,18.210.165.152
887,Agata,Pedlar,apedlarom@discuz.net,Female,121.238.178.197
888,Ekaterina,Skellorne,eskellorneon@npr.org,Female,176.176.41.124
889,Beltran,Durrad,bdurradoo@hc360.com,Male,214.204.164.29
890,Fionna,Driver,fdriverop@drupal.org,Female,116.177.71.190
891,Tucker,Sterke,tsterkeoq@sohu.com,Male,185.240.59.136
892,Janelle,Grimditch,jgrimditchor@google.cn,Female,16.9.85.210
893,Delaney,Swadden,dswaddenos@trellian.com,Male,27.237.50.207
894,Anselm,Huton,ahutonot@sohu.com,Male,175.200.158.54
895,Chevalier,Calton,ccaltonou@auda.org.au,Male,142.213.84.127
896,Nat,Schubart,nschubartov@seattletimes.com,Male,201.60.153.203
897,Ardene,McErlaine,amcerlaineow@example.com,Female,57.43.42.139
898,Tony,Baynes,tbaynesox@huffingtonpost.com,Polygender,173.106.170.231
899,Ashlin,Garvie,agarvieoy@reuters.com,Male,49.0.232.55
900,Idaline,Findlay,ifindlayoz@newsvine.com,Female,78.43.115.147
901,Duncan,Ruit,druitp0@blinklist.com,Male,8.33.190.121
902,Forester,Teece,fteecep1@youtu.be,Male,133.236.215.118
903,Jorge,Buckles,jbucklesp2@geocities.com,Male,60.39.202.188
904,Brand,Pinkard,bpinkardp3@earthlink.net,Male,47.119.245.123
905,Nicky,Klimowicz,nklimowiczp4@businesswire.com,Male,57.241.52.118
906,Kimberley,Durman,kdurmanp5@home.pl,Female,111.75.190.83
907,Nappy,Kloser,nkloserp6@prlog.org,Male,248.241.97.69
908,Jacky,Peyzer,jpeyzerp7@archive.org,Male,124.228.205.87
909,Cassius,Jeavon,cjeavonp8@globo.com,Male,81.176.29.12
910,Katlin,Featherston,kfeatherstonp9@msu.edu,Female,53.54.9.11
911,Camey,Palay,cpalaypa@washingtonpost.com,Male,112.194.127.166
912,Mady,Hardinge,mhardingepb@xrea.com,Female,69.16.119.176
913,Herbert,Cote,hcotepc@geocities.jp,Male,220.45.230.232
914,Ingra,Clows,iclowspd@whitehouse.gov,Male,76.24.187.218
915,Patrizia,Hitscher,phitscherpe@statcounter.com,Female,199.182.227.212
916,Felike,Ibanez,fibanezpf@seattletimes.com,Male,78.223.78.141
917,Lurlene,Newberry,lnewberrypg@rakuten.co.jp,Bigender,234.121.157.217
918,Abelard,Kirrens,akirrensph@wikispaces.com,Male,54.55.129.237
919,Chelsae,Vasilov,cvasilovpi@tuttocitta.it,Female,50.178.186.108
920,Aurora,Russel,arusselpj@tamu.edu,Female,50.249.103.96
921,Phaidra,Booker,pbookerpk@patch.com,Female,180.59.243.164
922,Burg,McPolin,bmcpolinpl@tuttocitta.it,Male,102.227.3.96
923,Marten,Luipold,mluipoldpm@theguardian.com,Male,215.15.215.217
924,Berti,Harbron,bharbronpn@digg.com,Male,48.197.124.241
925,Albina,Naton,anatonpo@ebay.com,Female,70.145.117.24
926,Lissa,Meus,lmeuspp@businessweek.com,Female,120.212.55.254
927,Blake,Dashper,bdashperpq@eventbrite.com,Female,161.63.96.156
928,Geri,Leitch,gleitchpr@smh.com.au,Female,30.51.70.166
929,Denys,Kingsland,dkingslandps@google.es,Female,30.29.105.133
930,Horst,Bunson,hbunsonpt@home.pl,Male,56.148.24.76
931,Deena,Eskriet,deskrietpu@pagesperso-orange.fr,Female,211.186.56.23
932,Tera,Pere,tperepv@who.int,Female,40.247.218.170
933,Esta,Mitchel,emitchelpw@goodreads.com,Female,93.117.5.208
934,Morissa,Shottin,mshottinpx@nationalgeographic.com,Genderqueer,115.156.74.42
935,Yank,Tallon,ytallonpy@dedecms.com,Male,251.187.106.125
936,Mannie,Poltun,mpoltunpz@cdc.gov,Male,94.199.228.100
937,Oswell,Allcorn,oallcornq0@tiny.cc,Male,218.142.107.118
938,Meaghan,Poag,mpoagq1@ihg.com,Female,34.184.46.161
939,Michaeline,Seggie,mseggieq2@springer.com,Female,52.12.225.212
940,Halette,Maughan,hmaughanq3@51.la,Female,63.118.66.114
941,Dayna,Wignall,dwignallq4@ning.com,Female,169.130.248.96
942,Dominica,Hurn,dhurnq5@privacy.gov.au,Female,151.35.125.177
943,Candice,Trippitt,ctrippittq6@bloglines.com,Female,128.139.165.174
944,Orlando,Derington,oderingtonq7@nps.gov,Male,113.106.123.238
945,Gonzalo,Poe,gpoeq8@usgs.gov,Male,243.66.184.82
946,Curtis,Chastang,cchastangq9@github.com,Male,55.15.177.122
947,Ashly,Cone,aconeqa@github.com,Female,9.118.81.117
948,Will,Kettlesing,wkettlesingqb@yandex.ru,Male,31.194.226.115
949,Jaquelyn,Wharrier,jwharrierqc@seattletimes.com,Female,233.225.63.234
950,Fonzie,Appleyard,fappleyardqd@businessinsider.com,Male,34.99.110.221
951,Mattie,McCaskill,mmccaskillqe@engadget.com,Male,193.207.253.67
952,Faustine,Collington,fcollingtonqf@gizmodo.com,Female,131.92.145.82
953,Rochester,Shubotham,rshubothamqg@nsw.gov.au,Male,177.193.95.49
954,Anne-corinne,Wotton,awottonqh@ezinearticles.com,Female,243.191.4.36
955,Marlowe,Sunners,msunnersqi@flavors.me,Male,206.152.19.181
956,Der,Rampage,drampageqj@apple.com,Male,160.66.251.202
957,Giacomo,Hawarden,ghawardenqk@zdnet.com,Male,208.147.49.125
958,Margaret,Ramsby,mramsbyql@jalbum.net,Female,241.22.103.127
959,Marta,Fellgett,mfellgettqm@angelfire.com,Female,224.239.167.59
960,Waiter,Thackwray,wthackwrayqn@t-online.de,Bigender,149.52.255.195
961,Diane-marie,Barensen,dbarensenqo@livejournal.com,Female,229.40.104.36
962,Karlan,Dansie,kdansieqp@squidoo.com,Male,70.141.250.36
963,Verile,Cuffley,vcuffleyqq@netscape.com,Female,6.58.144.46
964,Gayelord,Dumphreys,gdumphreysqr@oakley.com,Male,1.219.233.227
965,Baxter,Schwandermann,bschwandermannqs@nyu.edu,Male,101.99.61.157
966,Kellsie,Syce,ksyceqt@go.com,Female,100.186.48.205
967,Marielle,Bakesef,mbakesefqu@i2i.jp,Female,13.87.227.22
968,Vinnie,Mosby,vmosbyqv@blinklist.com,Genderqueer,81.119.213.8
969,Goddard,Cowlard,gcowlardqw@live.com,Male,58.16.151.100
970,Beverley,Gilffillan,bgilffillanqx@wsj.com,Female,137.33.118.234
971,Mimi,Twitty,mtwittyqy@flickr.com,Female,110.102.169.185
972,Revkah,Smeed,rsmeedqz@unblog.fr,Female,34.121.204.20
973,Alphard,Danielsohn,adanielsohnr0@goodreads.com,Male,14.82.118.1
974,Armand,McGrady,amcgradyr1@usatoday.com,Male,50.85.51.88
975,Peria,Bice,pbicer2@kickstarter.com,Female,215.195.19.180
976,Leoine,McGlone,lmcgloner3@sciencedirect.com,Female,105.72.175.85
977,Bessy,Devon,bdevonr4@squidoo.com,Female,27.244.8.236
978,Maurita,Mellon,mmellonr5@feedburner.com,Female,32.97.251.31
979,Bay,Morrallee,bmorralleer6@nhs.uk,Male,88.226.121.246
980,Garrik,Longfellow,glongfellowr7@tripod.com,Male,142.253.62.223
981,Jessamyn,Seller,jsellerr8@arstechnica.com,Female,103.102.122.166
982,Darby,Solan,dsolanr9@nature.com,Female,240.255.52.74
987,Phil,Texton,ptextonre@europa.eu,Male,79.107.34.92
988,Jeramey,Rawlin,jrawlinrf@ucoz.com,Male,159.85.188.180
989,Cullen,Joselevitz,cjoselevitzrg@ocn.ne.jp,Male,243.136.139.201
1000,Nickola,Yearne,nyearnerr@latimes.com,Male,68.93.79.158
1001,Nickola,Yearne,nyearnerr@latimes.com,Male,68.93.79.158
1002,Nickola,Yearne,nyearnerr@latimes.com,Male,68.93.79.158
1003,Nickola,Yearne,nyearnerr@latimes.com,Male,68.93.79.158
1004,Nickola,Yearne,nyearnerr@latimes.com,Male,68.93.79.158
1005,Nickola,Yearne,nyearnerr@latimes.com,Male,68.93.79.158
1006,Nickola,Yearne,nyearnerr@latimes.com,Male,68.93.79.158
1007,Nickola,Yearne,nyearnerr@latimes.com,Male,68.93.79.158
1008,Nickola,Yearne,nyearnerr@latimes.com,Male,68.93.79.158
1009,Nickola,Yearne,nyearnerr@latimes.com,Male,68.93.79.158
1010,Rahul,Prasad,nyearnerr@latimes.com,Male,68.93.79.158
1011,Nickola,Yearne,nyearnerr@latimes.com,Male,68.93.79.158
1012,Nickola,Yearne,nyearnerr@latimes.com,Male,68.93.79.158
1013,Nickola,Yearne,nyearnerr@latimes.com,Male,68.93.79.158
1014,Nickola,Yearne,nyearnerr@latimes.com,Male,68.93.79.158
1015,Nickola,Yearne,nyearnerr@latimes.com,Male,68.93.79.158
1016,Nickola,Yearne,nyearnerr@latimes.com,Male,68.93.79.158
1017,Rahul,Prasad,nyearnerr@latimes.com,Male,68.93.79.158
